0,33,3
0,158,2
0,11,2
0,187,1
0,3,5
0,232,4
0,191,4
0,157,5
0,268,4
0,251,1
0,160,3
0,27,4
0,283,4
0,131,2
0,287,2
0,177,4
0,140,3
0,184,1
0,60,1
0,214,3
0,163,3
0,20,3
0,0,2
0,72,2
0,45,3
0,150,3
0,113,2
0,36,2
0,9,2
0,162,3
0,161,4
0,70,2
0,41,2
0,55,1
0,235,4
0,248,1
0,135,2
0,196,2
0,168,4
0,92,4
0,219,2
0,250,4
0,148,1
0,16,4
0,30,3
0,263,1
0,1,3
0,234,3
0,93,3
0,44,1
0,106,4
0,172,4
0,58,2
0,13,2
0,171,2
0,116,3
0,124,3
0,218,2
0,295,4
0,267,3
0,12,3
0,54,3
0,277,3
0,121,3
0,181,3
0,68,1
0,56,4
0,231,3
0,189,3
0,296,2
0,5,2
1,42,1
1,46,3
1,201,5
1,292,3
1,162,3
1,55,4
1,98,3
1,22,4
1,196,3
1,294,4
1,285,1
1,83,4
1,191,5
1,34,5
1,78,3
1,110,3
1,240,1
1,154,1
1,276,5
1,8,3
1,277,5
1,80,1
1,26,1
1,188,4
1,51,3
1,241,4
1,255,4
1,68,4
1,56,4
1,266,5
1,197,2
1,73,4
1,21,3
1,152,3
1,99,5
1,60,5
1,141,2
1,245,1
1,224,3
1,204,2
1,13,4
1,187,3
1,116,4
1,242,4
1,114,4
1,261,4
1,4,3
1,281,3
1,108,5
1,157,5
1,251,4
1,120,1
1,168,4
1,44,1
1,18,5
1,282,4
1,88,1
1,269,4
1,89,4
1,6,5
1,81,3
1,259,1
1,164,3
1,130,2
1,106,3
1,205,5
1,176,2
1,126,5
1,278,4
10,239,5
10,51,5
10,8,3
10,74,4
10,243,3
10,91,4
10,275,2
10,198,4
10,181,5
10,219,4
10,206,5
10,57,3
10,268,4
10,42,3
10,241,2
10,158,2
10,99,3
10,201,3
10,163,4
10,227,4
10,232,4
10,148,3
10,60,1
10,146,1
10,5,3
10,165,4
10,294,3
10,25,5
10,20,3
10,184,3
10,207,2
10,102,4
10,16,3
10,44,1
10,144,4
10,67,4
10,18,1
10,96,4
10,140,3
10,0,4
10,59,4
10,271,4
10,267,4
10,156,3
10,139,3
10,277,2
10,31,4
10,76,4
10,36,3
10,195,4
10,293,4
10,130,1
10,190,5
10,289,2
10,53,3
10,290,5
10,142,4
10,196,3
10,112,2
10,274,5
10,26,2
10,41,4
10,30,2
10,122,3
10,78,2
10,203,4
10,234,3
10,208,3
10,79,4
11,43,2
11,132,2
11,101,4
11,226,3
11,261,1
11,23,3
11,97,3
11,128,1
11,207,2
11,13,1
11,244,1
11,176,1
11,120,1
11,7,3
11,38,1
11,172,3
11,21,2
11,89,1
11,168,3
11,297,1
11,147,4
11,27,4
11,57,1
11,34,4
11,236,1
11,103,2
11,263,1
11,281,3
11,58,2
11,201,4
11,66,3
11,85,1
11,219,3
11,182,1
11,149,1
11,92,5
11,93,2
11,232,3
11,37,1
11,165,2
11,126,2
11,187,1
11,288,2
11,259,1
11,157,5
11,253,2
11,116,4
11,181,2
11,22,1
11,254,4
11,221,3
11,208,2
11,203,1
11,55,2
11,271,3
11,18,4
11,162,2
11,188,3
11,110,3
11,197,4
11,170,3
11,189,4
11,36,2
11,175,3
11,199,3
11,133,2
11,121,3
11,293,2
11,251,3
11,200,3
11,212,5
12,232,3
12,244,1
12,253,3
12,11,1
12,294,3
12,67,3
12,38,2
12,127,3
12,106,3
12,63,2
12,292,4
12,182,1
12,198,2
12,283,2
12,80,3
12,30,3
12,236,2
12,213,2
12,138,1
12,175,3
12,279,3
12,98,2
12,43,3
12,180,3
12,276,3
12,222,2
12,115,4
12,149,2
12,208,3
12,25,4
12,239,5
12,124,3
12,120,1
12,70,3
12,93,1
12,113,3
12,139,3
12,133,2
12,116,3
12,126,2
12,170,1
12,246,3
12,215,1
12,152,2
12,168,3
12,5,3
12,122,2
12,0,2
12,274,3
12,230,2
12,4,3
12,242,3
12,221,3
12,88,2
12,265,3
12,243,3
12,190,4
12,214,4
12,17,4
12,36,2
12,147,2
12,216,3
12,8,1
12,12,2
12,37,3
12,164,3
12,21,2
12,9,2
12,10,5
12,15,1
13,259,3
13,291,4
13,187,1
13,265,3
13,30,3
13,29,5
13,251,3
13,140,3
13,263,4
13,24,3
13,190,4
13,285,3
13,221,3
13,273,5
13,131,4
13,180,3
13,283,3
13,51,4
13,60,1
13,138,5
13,255,4
13,115,4
13,160,3
13,40,3
13,49,3
13,76,4
13,141,5
13,1,3
13,151,3
13,63,3
13,8,4
13,213,3
13,107,4
13,178,4
13,7,4
13,256,5
13,155,3
13,210,3
13,216,4
13,25,4
13,286,5
13,264,4
13,205,3
13,230,4
13,96,3
13,139,4
13,176,2
13,220,3
13,261,4
13,77,4
13,165,4
13,161,4
13,174,3
13,26,2
13,166,4
13,22,4
13,90,5
13,65,4
13,118,4
13,64,3
13,59,3
13,16,4
13,6,4
13,191,4
13,73,4
13,192,4
13,209,3
13,170,3
13,55,4
13,46,1
13,227,4
14,167,3
14,118,5
14,238,3
14,221,4
14,190,5
14,27,3
14,51,5
14,8,3
14,242,3
14,72,5
14,65,3
14,6,3
14,201,4
14,114,3
14,123,1
14,20,4
14,40,4
14,50,3
14,39,3
14,89,4
14,131,4
14,116,4
14,156,3
14,230,4
14,2,5
14,232,4
14,22,3
14,286,4
14,203,4
14,264,1
14,34,3
14,213,5
14,10,4
14,261,3
14,247,4
14,57,3
14,255,5
14,278,3
14,37,3
14,263,3
14,63,2
14,216,3
14,18,1
14,102,4
14,273,5
14,45,3
14,180,3
14,297,4
14,228,4
14,258,3
14,14,3
14,81,4
14,249,4
14,293,3
14,87,4
14,144,4
14,192,3
14,64,3
14,215,2
14,19,4
14,152,3
14,189,3
14,244,1
14,285,3
14,271,4
14,299,3
14,240,3
14,153,5
14,107,3
14,251,3
15,282,3
15,233,3
15,146,3
15,114,3
15,91,3
15,111,3
15,298,1
15,249,3
15,3,4
15,38,3
15,222,2
15,127,3
15,209,3
15,35,3
15,192,3
15,120,3
15,248,4
15,258,3
15,26,3
15,204,5
15,142,4
15,197,1
15,13,2
15,287,2
15,112,4
15,250,1
15,78,2
15,64,3
15,79,4
15,223,3
15,66,4
15,103,4
15,203,2
15,104,3
15,284,3
15,106,4
15,244,3
15,246,3
15,271,5
15,41,4
15,235,3
15,36,3
15,80,4
15,179,3
15,93,4
15,37,3
15,57,4
15,20,5
15,150,1
15,95,4
15,152,2
15,202,3
15,87,4
15,159,5
15,190,3
15,60,1
15,15,4
15,252,3
15,166,5
15,218,4
15,185,3
15,76,3
15,167,3
15,6,5
15,176,2
15,29,1
15,165,3
15,92,4
15,28,3
16,8,2
16,200,3
16,235,3
16,197,4
16,110,4
16,146,3
16,231,5
16,157,5
16,232,4
16,13,3
16,101,5
16,293,4
16,194,3
16,32,2
16,266,1
16,19,4
16,40,3
16,119,3
16,154,2
16,241,4
16,143,4
16,22,3
16,65,4
16,147,4
16,95,5
16,208,2
16,243,4
16,26,1
16,237,3
16,31,3
16,290,1
16,155,1
16,85,1
16,134,5
16,72,2
16,86,5
16,111,2
16,156,3
16,73,4
16,260,2
16,140,3
16,141,5
16,292,4
16,180,3
16,89,4
16,270,4
16,25,4
16,102,5
16,90,2
16,151,3
16,105,5
16,2,5
16,34,4
16,132,3
16,179,3
16,289,3
16,133,4
16,117,3
16,60,3
16,230,3
16,233,3
16,182,3
16,174,3
16,150,4
16,17,4
16,196,2
16,271,5
16,202,3
16,219,3
16,173,4
17,260,3
17,27,3
17,252,5
17,245,3
17,125,4
17,190,4
17,6,5
17,111,4
17,244,1
17,287,3
17,36,3
17,80,2
17,100,3
17,57,2
17,281,2
17,43,3
17,293,5
17,63,3
17,253,2
17,296,4
17,95,5
17,194,3
17,232,4
17,102,4
17,124,3
17,172,4
17,146,3
17,160,4
17,193,5
17,30,2
17,185,4
17,297,2
17,68,2
17,145,5
17,91,3
17,178,1
17,274,3
17,31,4
17,129,3
17,167,3
17,109,5
17,279,5
17,28,1
17,38,4
17,159,4
17,98,4
17,218,3
17,255,5
17,215,3
17,26,3
17,42,1
17,134,5
17,219,3
17,33,2
17,265,3
17,23,4
17,88,5
17,152,4
17,103,3
17,196,2
17,25,5
17,262,5
17,292,3
17,60,1
17,210,5
17,47,4
17,8,4
17,82,5
17,227,5
18,228,4
18,102,4
18,26,3
18,293,5
18,78,3
18,59,2
18,162,4
18,214,2
18,95,5
18,182,1
18,200,3
18,208,2
18,291,3
18,77,3
18,207,4
18,296,3
18,286,3
18,64,3
18,138,1
18,254,5
18,118,5
18,255,3
18,39,4
18,185,3
18,221,3
18,51,2
18,7,3
18,135,2
18,19,3
18,217,4
18,130,2
18,90,5
18,111,3
18,107,5
18,210,3
18,139,2
18,289,2
18,114,4
18,209,4
18,232,4
18,230,4
18,125,4
18,282,4
18,224,5
18,177,4
18,140,2
18,134,5
18,160,4
18,72,3
18,199,4
18,94,5
18,201,2
18,112,3
18,178,4
18,89,3
18,180,4
18,30,3
18,8,3
18,235,2
18,213,5
18,16,3
18,128,4
18,25,4
18,80,3
18,86,5
18,99,5
18,292,4
18,147,3
18,124,3
18,279,4
18,66,4
19,202,2
19,180,2
19,77,3
19,147,4
19,292,2
19,62,3
19,162,2
19,134,5
19,93,2
19,105,5
19,172,3
19,205,2
19,260,3
19,139,1
19,247,3
19,143,4
19,97,2
19,266,1
19,128,2
19,288,4
19,48,3
19,209,1
19,233,3
19,167,3
19,276,4
19,60,2
19,90,3
19,72,2
19,81,1
19,155,4
19,111,3
19,102,3
19,220,2
19,193,3
19,231,5
19,279,3
19,89,3
19,27,4
19,244,3
19,129,4
19,184,2
19,36,2
19,41,1
19,145,4
19,50,3
19,0,1
19,61,2
19,14,3
19,252,4
19,49,3
19,31,1
19,160,3
19,69,2
19,95,4
19,150,3
19,23,3
19,92,3
19,207,2
19,2,4
19,126,1
19,169,4
19,21,1
19,51,2
19,196,2
19,141,1
19,235,4
19,16,5
19,54,2
19,245,2
2,35,3
2,190,2
2,26,3
2,153,4
2,111,3
2,235,2
2,116,4
2,14,3
2,165,4
2,260,4
2,265,2
2,68,3
2,144,3
2,76,3
2,279,3
2,292,1
2,233,3
2,42,1
2,145,4
2,25,3
2,154,2
2,256,5
2,263,3
2,201,4
2,65,3
2,173,3
2,10,3
2,281,3
2,28,2
2,9,5
2,255,4
2,160,4
2,7,4
2,137,3
2,212,4
2,172,3
2,215,4
2,125,4
2,247,3
2,141,3
2,118,4
2,143,5
2,90,4
2,32,5
2,123,3
2,213,5
2,95,4
2,84,4
2,43,2
2,113,2
2,134,5
2,146,3
2,72,4
2,89,2
2,299,5
2,254,5
2,17,4
2,130,1
2,103,3
2,239,3
2,59,4
2,112,4
2,180,4
2,40,3
2,100,5
2,6,5
2,288,5
2,178,4
2,117,4
20,167,2
20,276,3
20,163,2
20,94,3
20,88,3
20,36,2
20,274,3
20,134,5
20,92,5
20,275,2
20,161,3
20,111,3
20,232,4
20,109,3
20,229,3
20,213,4
20,222,3
20,39,4
20,270,2
20,220,3
20,253,1
20,267,4
20,3,3
20,30,3
20,137,3
20,205,3
20,243,4
20,180,3
20,50,4
20,60,1
20,82,5
20,240,1
20,154,1
20,182,2
20,18,5
20,227,3
20,85,1
20,172,4
20,44,4
20,35,3
20,231,3
20,268,4
20,106,3
20,292,4
20,153,2
20,67,3
20,184,2
20,293,2
20,14,2
20,228,3
20,87,3
20,77,3
20,237,1
20,62,3
20,58,1
20,288,4
20,266,1
20,129,4
20,47,2
20,24,2
20,295,5
20,198,1
20,290,1
20,181,4
20,226,3
20,5,3
20,202,3
20,204,3
20,145,4
20,150,4
21,15,3
21,194,3
21,153,5
21,3,3
21,246,4
21,177,4
21,221,3
21,293,4
21,65,2
21,80,3
21,124,4
21,223,5
21,78,4
21,269,3
21,158,1
21,127,4
21,261,3
21,21,3
21,10,2
21,0,3
21,89,3
21,58,2
21,103,3
21,235,4
21,111,3
21,242,3
21,52,4
21,255,3
21,91,3
21,35,5
21,121,3
21,187,1
21,264,3
21,45,2
21,215,2
21,31,4
21,47,4
21,32,4
21,105,5
21,285,2
21,220,2
21,116,5
21,148,3
21,138,5
21,6,5
21,265,3
21,243,4
21,231,4
21,227,5
21,96,4
21,59,4
21,144,4
21,76,3
21,287,3
21,226,3
21,20,2
21,53,4
21,166,3
21,9,3
21,57,3
21,284,2
21,51,2
21,149,4
21,233,3
21,22,4
21,133,3
21,40,3
21,104,2
21,216,3
22,121,2
22,265,3
22,268,5
22,111,3
22,44,2
22,120,2
22,129,4
22,226,4
22,117,3
22,15,2
22,186,4
22,237,3
22,207,3
22,249,3
22,187,3
22,6,3
22,86,5
22,126,2
22,115,2
22,192,2
22,10,3
22,13,3
22,14,3
22,295,2
22,20,4
22,280,3
22,88,5
22,85,3
22,174,2
22,287,4
22,233,3
22,227,4
22,61,3
22,92,5
22,107,3
22,103,3
22,62,3
22,157,5
22,48,3
22,70,3
22,212,5
22,63,3
22,238,3
22,169,3
22,32,4
22,127,4
22,202,4
22,266,3
22,145,4
22,81,2
22,262,1
22,250,3
22,54,3
22,55,3
22,2,5
22,143,5
22,39,3
22,132,2
22,188,5
22,275,2
22,219,4
22,183,5
22,224,3
22,241,3
22,231,5
22,193,5
22,142,3
22,184,3
22,200,4
23,69,3
23,54,2
23,113,1
23,106,3
23,103,3
23,213,4
23,202,2
23,72,4
23,134,5
23,130,2
23,215,2
23,179,3
23,222,2
23,178,1
23,116,3
23,287,1
23,147,4
23,159,3
23,8,2
23,20,2
23,239,5
23,282,3
23,286,3
23,291,4
23,169,3
23,188,4
23,229,1
23,293,3
23,37,1
23,111,3
23,95,3
23,128,1
23,244,3
23,122,2
23,86,3
23,255,3
23,173,3
23,19,1
23,93,3
23,219,3
23,61,3
23,231,3
23,31,1
23,117,3
23,75,1
23,85,3
23,9,2
23,288,4
23,161,3
23,180,3
23,149,1
23,162,2
23,165,2
23,276,3
23,49,3
23,94,5
23,226,3
23,55,4
23,182,1
23,44,1
23,240,1
23,0,1
23,205,2
23,6,5
23,221,3
23,273,5
23,28,1
23,46,1
23,74,1
23,254,2
23,292,1
24,40,3
24,278,3
24,152,3
24,50,4
24,275,4
24,259,1
24,287,3
24,61,3
24,24,1
24,184,3
24,232,3
24,67,3
24,196,1
24,167,4
24,243,3
24,140,2
24,282,2
24,183,3
24,52,3
24,276,5
24,212,5
24,128,1
24,100,4
24,179,3
24,230,3
24,101,2
24,141,2
24,199,2
24,129,4
24,286,2
24,260,3
24,244,1
24,285,1
24,171,4
24,291,1
24,109,2
24,36,3
24,126,3
24,186,3
24,59,3
24,277,4
24,225,3
24,268,4
24,219,3
24,134,5
24,299,3
24,271,4
24,262,1
24,281,3
24,161,2
24,97,4
24,245,3
24,217,4
24,49,4
24,249,2
24,247,1
24,246,1
24,62,3
24,138,3
24,143,4
24,229,2
24,234,2
24,2,3
24,70,3
24,58,1
24,54,1
24,150,3
24,237,1
24,79,3
25,290,3
25,105,3
25,249,2
25,108,3
25,197,4
25,245,1
25,73,3
25,193,4
25,155,1
25,273,5
25,244,3
25,16,4
25,34,4
25,216,3
25,65,3
25,184,1
25,234,4
25,203,4
25,17,3
25,41,3
25,97,3
25,143,4
25,219,3
25,186,4
25,30,3
25,259,3
25,113,3
25,232,3
25,141,3
25,71,5
25,179,3
25,94,5
25,117,4
25,147,4
25,60,4
25,14,2
25,93,3
25,114,3
25,241,4
25,225,4
25,288,4
25,111,2
25,44,2
25,61,3
25,158,1
25,78,3
25,84,5
25,278,4
25,87,2
25,277,3
25,150,3
25,112,4
25,49,4
25,142,3
25,2,4
25,196,2
25,5,4
25,220,3
25,36,2
25,292,3
25,275,3
25,75,3
25,110,4
25,181,3
25,122,2
25,46,3
25,22,3
25,77,4
25,66,4
26,277,3
26,27,4
26,56,4
26,147,3
26,131,3
26,265,3
26,107,3
26,164,4
26,52,2
26,246,4
26,269,2
26,30,4
26,57,2
26,103,2
26,155,2
26,198,1
26,92,5
26,258,3
26,10,3
26,293,5
26,13,5
26,127,3
26,35,4
26,221,3
26,206,4
26,96,2
26,180,3
26,287,1
26,102,5
26,193,4
26,223,3
26,21,3
26,76,2
26,119,2
26,42,3
26,296,2
26,177,3
26,170,4
26,80,3
26,47,3
26,270,3
26,121,3
26,284,2
26,204,5
26,41,4
26,15,4
26,243,4
26,278,5
26,54,2
26,207,3
26,67,4
26,3,4
26,290,2
26,148,3
26,137,3
26,97,4
26,33,5
26,126,2
26,279,3
26,169,3
26,225,3
26,202,3
26,105,5
26,70,3
26,179,3
26,111,3
26,228,4
26,101,3
26,163,3
26,159,3
26,264,4
27,9,2
27,48,4
27,190,4
27,73,4
27,277,3
27,179,3
27,264,3
27,159,4
27,95,3
27,251,3
27,25,5
27,193,4
27,82,5
27,228,4
27,162,3
27,174,3
27,50,3
27,172,4
27,58,2
27,263,2
27,223,3
27,210,3
27,92,4
27,124,3
27,236,2
27,53,3
27,181,2
27,232,4
27,259,4
27,187,2
27,183,3
27,38,3
27,293,3
27,105,5
27,206,3
27,152,2
27,165,3
27,156,3
27,0,4
27,127,4
27,62,4
27,88,3
27,3,4
27,26,2
27,147,3
27,37,2
27,135,3
27,275,4
27,131,3
27,257,1
27,178,2
27,246,4
27,117,3
27,74,4
27,78,3
27,195,2
27,271,4
27,258,3
27,11,4
27,80,4
27,239,5
27,55,3
27,265,4
27,227,4
27,248,3
27,15,4
27,8,4
27,76,3
27,167,3
27,240,1
27,86,5
28,189,4
28,66,5
28,60,3
28,143,5
28,75,5
28,115,4
28,223,5
28,40,4
28,132,4
28,107,3
28,81,4
28,293,5
28,139,1
28,126,5
28,142,5
28,213,3
28,176,4
28,84,3
28,282,4
28,20,4
28,285,3
28,265,3
28,259,3
28,72,4
28,211,4
28,201,5
28,41,5
28,194,3
28,214,4
28,244,4
28,12,5
28,114,4
28,283,3
28,118,4
28,182,1
28,247,3
28,21,2
28,145,4
28,131,4
28,276,5
28,177,4
28,103,4
28,53,3
28,228,5
28,159,3
28,246,3
28,152,4
28,157,5
28,7,4
28,51,5
28,148,4
28,188,5
28,239,5
28,169,3
28,191,5
28,297,4
28,97,4
28,144,4
28,269,5
28,270,4
28,268,5
28,141,5
28,216,4
28,256,5
28,55,5
28,101,4
28,146,3
28,99,5
28,186,4
28,116,4
29,107,4
29,209,5
29,90,3
29,76,3
29,102,5
29,59,3
29,18,1
29,180,3
29,141,4
29,275,1
29,232,3
29,32,2
29,113,2
29,80,3
29,192,2
29,83,1
29,36,3
29,51,3
29,142,3
29,210,2
29,202,2
29,263,2
29,163,2
29,174,3
29,116,4
29,6,4
29,233,3
29,203,4
29,160,2
29,282,3
29,179,3
29,219,4
29,176,2
29,288,4
29,54,3
29,291,3
29,134,5
29,87,2
29,225,3
29,242,2
29,53,4
29,99,5
29,140,2
29,258,3
29,11,3
29,231,2
29,27,4
29,221,3
29,293,4
29,276,5
29,22,4
29,285,3
29,186,3
29,187,1
29,144,4
29,115,4
29,212,4
29,211,3
29,217,3
29,108,1
29,281,2
29,171,4
29,220,2
29,244,4
29,283,3
29,145,5
29,156,3
29,277,4
29,100,4
3,259,3
3,167,3
3,118,5
3,35,3
3,83,1
3,177,4
3,215,4
3,146,3
3,9,3
3,144,4
3,141,5
3,268,5
3,261,4
3,104,5
3,12,5
3,234,5
3,78,3
3,40,4
3,239,5
3,84,3
3,19,3
3,195,4
3,157,5
3,94,2
3,242,5
3,137,3
3,196,5
3,115,4
3,282,4
3,154,4
3,142,4
3,7,3
3,21,2
3,50,4
3,139,1
3,254,5
3,270,4
3,176,4
3,269,5
3,27,4
3,201,5
3,285,3
3,131,4
3,64,3
3,138,5
3,213,3
3,249,4
3,294,4
3,51,5
3,162,3
3,288,5
3,246,3
3,211,4
3,103,5
3,156,5
3,258,5
3,191,4
3,256,5
3,228,5
3,283,3
3,101,4
3,53,3
3,188,5
3,68,5
3,260,4
3,186,4
3,81,4
3,189,4
3,148,4
30,254,5
30,90,5
30,182,1
30,53,5
30,29,4
30,191,3
30,138,1
30,3,4
30,236,2
30,80,5
30,39,4
30,32,5
30,240,3
30,280,3
30,270,4
30,88,5
30,60,1
30,112,5
30,102,5
30,237,3
30,215,3
30,246,3
30,289,5
30,7,3
30,200,5
30,20,5
30,285,3
30,42,1
30,186,4
30,187,2
30,293,5
30,21,5
30,247,3
30,211,4
30,12,5
30,118,2
30,6,5
30,142,4
30,179,3
30,86,5
30,209,4
30,282,5
30,110,3
30,134,5
30,87,4
30,63,3
30,117,4
30,0,1
30,233,4
30,152,2
30,129,5
30,175,2
30,162,3
30,225,3
30,27,4
30,197,5
30,235,4
30,249,2
30,281,1
30,268,5
30,84,5
30,216,5
30,40,4
30,4,3
30,78,4
30,65,4
30,103,5
30,169,4
30,16,4
31,271,4
31,198,1
31,76,2
31,294,3
31,259,3
31,279,3
31,283,2
31,163,3
31,184,2
31,88,1
31,165,4
31,208,2
31,171,2
31,196,2
31,265,3
31,296,4
31,199,4
31,295,2
31,113,1
31,218,2
31,231,4
31,137,3
31,48,2
31,42,1
31,277,3
31,225,1
31,252,3
31,131,3
31,226,3
31,292,2
31,11,2
31,168,3
31,181,4
31,98,2
31,21,3
31,110,3
31,193,2
31,281,3
31,97,3
31,263,2
31,30,2
31,1,3
31,222,1
31,58,2
31,36,3
31,278,4
31,152,1
31,136,3
31,162,2
31,293,4
31,41,4
31,142,4
31,270,2
31,89,3
31,174,3
31,186,4
31,107,2
31,70,2
31,192,3
31,5,3
31,141,2
31,216,2
31,170,3
31,135,3
31,75,2
31,3,3
31,68,2
31,201,4
31,202,2
31,101,2
31,120,1
32,270,2
32,251,2
32,283,2
32,29,2
32,279,3
32,136,2
32,276,2
32,50,4
32,127,5
32,212,3
32,46,4
32,20,3
32,228,3
32,277,2
32,131,3
32,11,3
32,268,4
32,52,2
32,258,3
32,71,1
32,255,1
32,202,4
32,98,3
32,184,3
32,192,2
32,65,2
32,292,4
32,33,3
32,60,3
32,149,2
32,231,2
32,102,2
32,43,2
32,91,3
32,183,3
32,157,5
32,129,4
32,204,2
32,87,1
32,54,2
32,222,2
32,207,2
32,18,1
32,260,2
32,58,2
32,271,4
32,2,3
32,77,4
32,128,3
32,237,2
32,137,2
32,84,3
32,121,3
32,126,2
32,181,3
32,294,2
32,148,2
32,6,3
32,234,1
32,30,2
32,81,2
32,86,5
32,265,2
32,278,2
32,274,3
32,59,3
32,208,1
32,287,2
32,198,1
33,210,5
33,224,3
33,36,1
33,31,3
33,19,3
33,127,4
33,185,4
33,195,2
33,149,4
33,121,2
33,6,5
33,278,5
33,74,4
33,151,1
33,252,4
33,153,4
33,144,4
33,125,4
33,193,4
33,53,5
33,262,2
33,139,2
33,215,3
33,290,2
33,158,2
33,166,4
33,246,3
33,276,1
33,145,2
33,56,4
33,26,1
33,113,4
33,164,3
33,270,2
33,208,3
33,43,4
33,173,5
33,136,2
33,41,4
33,104,3
33,168,2
33,62,3
33,140,2
33,68,3
33,98,3
33,249,2
33,190,4
33,293,4
33,161,3
33,134,4
33,135,2
33,277,3
33,122,1
33,253,2
33,28,3
33,7,3
33,52,4
33,96,4
33,209,3
33,20,4
33,35,3
33,284,3
33,13,4
33,92,3
33,48,3
33,111,3
33,232,4
33,11,3
33,227,4
34,91,1
34,71,5
34,206,2
34,123,1
34,162,2
34,36,2
34,32,2
34,12,4
34,99,5
34,72,3
34,141,4
34,50,4
34,27,5
34,237,3
34,161,3
34,293,3
34,132,1
34,239,4
34,81,1
34,296,1
34,155,2
34,40,3
34,124,3
34,286,2
34,83,3
34,186,4
34,276,4
34,126,3
34,142,3
34,52,3
34,128,2
34,116,3
34,49,3
34,270,2
34,41,3
34,46,1
34,6,2
34,152,2
34,275,2
34,288,4
34,24,2
34,143,5
34,65,1
34,140,3
34,196,5
34,9,3
34,80,3
34,167,4
34,184,3
34,217,3
34,157,5
34,244,4
34,236,3
34,53,1
34,234,2
34,231,4
34,97,3
34,282,3
34,269,1
34,88,1
34,235,4
34,247,3
34,146,1
34,29,3
34,129,4
34,240,1
34,54,2
34,188,5
34,109,4
34,34,5
34,203,3
35,134,5
35,125,4
35,256,3
35,290,2
35,1,4
35,104,3
35,102,4
35,99,5
35,16,3
35,188,5
35,207,3
35,113,3
35,261,3
35,269,3
35,75,4
35,227,5
35,66,5
35,4,3
35,81,2
35,296,2
35,42,1
35,124,3
35,8,3
35,72,3
35,20,4
35,190,4
35,178,4
35,140,2
35,107,4
35,180,4
35,292,5
35,259,2
35,59,4
35,202,3
35,224,4
35,64,3
35,86,4
35,156,3
35,217,4
35,165,4
35,7,4
35,209,3
35,294,3
35,39,5
35,199,5
35,219,3
35,80,3
35,26,1
35,205,5
35,94,5
35,143,5
35,281,1
35,235,4
35,277,4
35,264,3
35,88,4
35,226,5
35,19,3
35,185,3
35,135,3
35,82,5
35,258,4
35,182,1
35,136,3
35,231,5
35,161,3
35,95,5
35,282,4
35,114,4
36,290,3
36,182,1
36,168,2
36,70,3
36,82,5
36,91,4
36,28,1
36,44,1
36,164,4
36,71,1
36,284,3
36,144,4
36,272,2
36,216,4
36,108,1
36,270,3
36,244,1
36,26,1
36,247,2
36,187,1
36,138,3
36,18,1
36,55,4
36,218,2
36,24,4
36,250,3
36,38,2
36,236,4
36,209,2
36,212,5
36,232,3
36,122,2
36,81,3
36,179,3
36,114,4
36,36,4
36,190,3
36,31,2
36,296,4
36,104,3
36,248,4
36,157,5
36,22,2
36,275,4
36,96,5
36,283,3
36,10,3
36,234,3
36,98,4
36,186,4
36,153,3
36,84,4
36,176,2
36,152,2
36,105,1
36,166,4
36,63,3
36,57,2
36,163,2
36,119,4
36,210,3
36,228,4
36,246,3
36,174,4
36,253,3
36,263,2
36,89,3
36,60,1
36,294,3
37,3,4
37,231,3
37,221,2
37,94,5
37,169,3
37,73,2
37,22,2
37,108,3
37,51,3
37,230,3
37,263,2
37,19,2
37,149,1
37,183,3
37,164,3
37,77,3
37,255,1
37,117,3
37,52,2
37,235,3
37,9,2
37,148,2
37,127,4
37,39,3
37,59,3
37,194,3
37,237,3
37,299,5
37,122,1
37,281,3
37,107,3
37,280,1
37,88,2
37,60,1
37,28,2
37,168,3
37,62,3
37,222,5
37,167,5
37,49,3
37,248,3
37,31,1
37,133,3
37,278,3
37,253,2
37,226,4
37,79,3
37,283,3
37,102,4
37,110,2
37,275,2
37,217,3
37,163,2
37,205,3
37,288,4
37,269,1
37,75,1
37,219,3
37,170,4
37,4,3
37,224,3
37,250,3
37,71,1
37,145,3
37,136,2
37,162,2
37,277,4
37,84,3
37,218,3
38,155,3
38,136,3
38,20,3
38,10,3
38,269,3
38,200,4
38,227,5
38,104,3
38,124,3
38,178,3
38,76,4
38,94,4
38,49,3
38,159,3
38,148,4
38,66,4
38,164,4
38,293,4
38,297,4
38,64,2
38,28,1
38,134,5
38,161,4
38,163,3
38,9,2
38,209,3
38,216,4
38,276,4
38,262,3
38,207,3
38,185,4
38,114,4
38,72,3
38,113,3
38,285,2
38,107,5
38,258,5
38,190,4
38,286,3
38,261,3
38,199,5
38,171,3
38,117,3
38,89,3
38,187,2
38,256,5
38,137,3
38,100,4
38,143,4
38,151,3
38,2,5
38,233,3
38,279,4
38,299,4
38,111,3
38,78,3
38,162,4
38,22,3
38,273,4
38,221,4
38,180,3
38,179,3
38,177,4
38,80,5
38,145,4
38,295,5
38,16,4
38,69,4
38,170,4
38,291,3
39,133,3
39,81,5
39,173,5
39,188,5
39,262,4
39,39,5
39,8,5
39,4,5
39,185,5
39,172,5
39,101,4
39,217,5
39,118,4
39,271,5
39,58,3
39,268,5
39,77,5
39,211,4
39,241,4
39,109,5
39,99,5
39,112,5
39,257,5
39,30,4
39,218,3
39,151,4
39,132,4
39,124,4
39,176,5
39,255,4
39,252,5
39,179,3
39,17,1
39,29,5
39,267,4
39,224,5
39,22,5
39,126,5
39,212,5
39,157,5
39,83,5
39,0,5
39,148,4
39,201,5
39,258,5
39,50,5
39,6,5
39,220,3
39,40,4
39,95,4
39,159,1
39,65,5
39,178,3
39,197,4
39,128,4
39,117,5
39,200,5
39,142,4
39,230,4
39,174,3
39,227,4
39,228,5
39,113,5
39,225,4
39,277,5
39,205,5
39,63,4
39,282,5
39,104,5
4,254,5
4,186,4
4,32,4
4,191,5
4,115,4
4,247,3
4,249,4
4,187,1
4,107,4
4,101,4
4,215,4
4,261,4
4,276,5
4,103,5
4,131,4
4,259,3
4,12,5
4,182,1
4,246,3
4,117,3
4,56,4
4,242,2
4,265,4
4,81,4
4,40,4
4,169,3
4,112,4
4,188,5
4,293,5
4,269,4
4,141,5
4,50,4
4,256,5
4,189,4
4,23,3
4,53,3
4,49,2
4,138,5
4,223,5
4,214,3
4,114,4
4,268,5
4,9,3
4,126,5
4,203,3
4,229,1
4,146,3
4,282,4
4,144,4
4,201,5
4,285,3
4,190,4
4,156,5
4,230,4
4,273,5
4,297,4
4,194,3
4,288,5
4,270,4
4,294,4
4,195,4
4,167,3
4,258,5
4,84,3
4,118,5
4,286,3
4,132,4
4,239,5
4,152,4
4,238,3
40,51,3
40,150,3
40,207,2
40,198,1
40,243,4
40,247,1
40,248,3
40,290,2
40,66,1
40,271,5
40,92,4
40,253,1
40,164,4
40,236,1
40,263,2
40,57,2
40,165,2
40,22,3
40,21,2
40,157,5
40,59,3
40,242,3
40,94,3
40,194,3
40,180,3
40,155,1
40,79,3
40,191,2
40,14,5
40,206,5
40,296,4
40,128,1
40,114,4
40,31,3
40,148,3
40,6,4
40,226,3
40,87,3
40,110,3
40,27,3
40,105,5
40,126,1
40,166,3
40,293,3
40,143,4
40,98,3
40,297,1
40,10,2
40,231,1
40,277,1
40,244,2
40,86,3
40,80,4
40,102,3
40,152,1
40,112,2
40,298,1
40,215,1
40,12,1
40,50,3
40,149,1
40,251,3
40,159,3
40,183,4
40,199,2
40,208,3
40,49,4
40,261,4
40,197,4
40,127,3
41,72,2
41,286,3
41,14,3
41,19,4
41,26,2
41,74,5
41,153,5
41,124,3
41,20,4
41,63,4
41,290,5
41,255,3
41,57,3
41,39,4
41,194,3
41,55,5
41,1,3
41,262,5
41,111,3
41,10,5
41,251,4
41,22,4
41,214,4
41,176,3
41,206,4
41,126,2
41,64,3
41,49,3
41,35,2
41,8,3
41,16,2
41,222,2
41,68,2
41,76,3
41,253,2
41,37,3
41,96,4
41,105,3
41,192,2
41,0,1
41,164,4
41,273,4
41,230,3
41,9,2
41,291,2
41,170,3
41,79,3
41,247,3
41,166,5
41,122,3
41,59,3
41,78,4
41,163,3
41,261,4
41,204,2
41,276,2
41,158,3
41,114,3
41,293,1
41,207,3
41,46,1
41,125,4
41,140,2
41,89,4
41,227,5
41,131,4
41,56,3
41,161,3
41,185,3
41,42,1
41,208,3
42,57,3
42,172,4
42,95,5
42,91,4
42,27,3
42,191,3
42,175,3
42,144,5
42,295,5
42,186,3
42,20,4
42,200,3
42,211,4
42,69,4
42,88,3
42,254,5
42,21,4
42,139,2
42,8,4
42,96,4
42,178,3
42,32,5
42,104,4
42,33,5
42,101,3
42,150,1
42,193,5
42,47,5
42,89,5
42,180,4
42,293,4
42,170,3
42,226,3
42,279,3
42,52,3
42,264,3
42,213,5
42,6,5
42,187,2
42,53,3
42,25,4
42,286,4
42,246,3
42,292,4
42,203,3
42,60,1
42,84,5
42,65,4
42,152,3
42,245,1
42,141,2
42,210,3
42,113,3
42,124,3
42,121,4
42,63,3
42,116,4
42,149,2
42,241,3
42,262,2
42,205,4
42,258,5
42,294,3
42,87,4
42,64,3
42,156,4
42,225,5
42,173,4
42,238,5
42,174,2
42,18,1
43,94,4
43,295,1
43,106,4
43,6,5
43,165,5
43,45,2
43,57,3
43,73,4
43,143,5
43,252,5
43,141,4
43,224,3
43,92,3
43,251,2
43,213,4
43,69,5
43,281,4
43,124,4
43,20,5
43,55,3
43,64,3
43,11,2
43,233,4
43,133,3
43,182,2
43,287,4
43,254,3
43,136,3
43,147,4
43,152,3
43,21,3
43,47,3
43,195,2
43,286,3
43,268,5
43,167,3
43,175,3
43,265,3
43,44,5
43,90,4
43,160,4
43,242,3
43,159,3
43,132,3
43,83,1
43,299,5
43,91,1
43,247,3
43,227,5
43,280,3
43,111,3
43,257,1
43,63,2
43,84,3
43,200,3
43,215,3
43,85,2
43,39,4
43,164,4
43,191,4
43,264,3
43,125,4
43,187,4
43,240,1
43,230,2
43,176,4
43,72,3
43,219,3
43,270,3
44,7,3
44,128,1
44,103,5
44,284,3
44,270,1
44,282,3
44,25,1
44,257,1
44,229,1
44,47,2
44,221,3
44,247,3
44,160,3
44,129,4
44,207,2
44,102,3
44,121,4
44,142,3
44,69,4
44,251,2
44,92,5
44,215,2
44,43,2
44,18,3
44,146,2
44,149,1
44,252,4
44,266,1
44,279,5
44,239,3
44,285,1
44,276,2
44,194,2
44,91,2
44,167,4
44,150,4
44,106,3
44,141,2
44,15,3
44,93,3
44,234,4
44,278,4
44,85,1
44,244,1
44,94,4
44,295,5
44,40,1
44,165,5
44,115,3
44,135,2
44,46,4
44,226,4
44,3,3
44,268,5
44,230,4
44,100,2
44,39,4
44,260,1
44,168,2
44,288,3
44,183,3
44,289,3
44,152,1
44,189,4
44,20,4
44,21,2
44,184,1
44,235,2
44,86,5
44,111,3
44,138,1
45,28,3
45,146,4
45,123,1
45,224,4
45,66,4
45,176,2
45,167,3
45,59,5
45,200,4
45,264,3
45,261,3
45,204,3
45,35,3
45,145,4
45,268,5
45,69,4
45,256,5
45,50,4
45,265,5
45,293,5
45,190,4
45,186,1
45,124,5
45,40,3
45,117,4
45,116,4
45,252,4
45,284,4
45,85,5
45,239,4
45,84,4
45,107,3
45,169,3
45,105,5
45,213,5
45,133,3
45,187,2
45,269,4
45,258,4
45,74,4
45,45,3
45,64,3
45,33,3
45,216,2
45,101,4
45,139,3
45,210,2
45,170,4
45,132,4
45,156,3
45,65,3
45,147,4
45,235,5
45,215,2
45,125,4
45,88,5
45,53,3
45,153,3
45,47,4
45,274,3
45,152,3
45,178,2
45,197,4
45,48,3
45,14,5
45,75,4
45,76,3
45,82,5
45,282,4
45,165,4
46,199,4
46,101,4
46,7,2
46,252,5
46,137,3
46,23,3
46,33,2
46,157,5
46,95,2
46,5,2
46,165,4
46,149,1
46,145,4
46,93,5
46,287,3
46,18,4
46,27,4
46,155,2
46,54,4
46,225,1
46,20,3
46,260,2
46,3,4
46,202,5
46,171,3
46,250,2
46,49,4
46,30,3
46,251,1
46,102,2
46,89,1
46,124,3
46,75,3
46,235,3
46,62,3
46,175,3
46,170,2
46,58,3
46,246,2
46,148,3
46,60,3
46,169,3
46,201,1
46,182,2
46,212,5
46,55,3
46,61,3
46,92,5
46,99,5
46,275,3
46,154,2
46,281,4
46,106,4
46,264,2
46,88,3
46,297,2
46,127,3
46,68,2
46,57,2
46,180,3
46,123,1
46,183,3
46,292,3
46,265,3
46,224,3
46,117,3
46,2,4
46,196,3
46,166,3
46,77,4
47,81,4
47,142,4
47,32,5
47,169,3
47,50,4
47,112,4
47,87,4
47,258,5
47,66,5
47,88,1
47,154,2
47,254,5
47,131,4
47,114,4
47,195,4
47,55,5
47,190,4
47,201,5
47,214,2
47,146,3
47,21,3
47,84,3
47,125,4
47,294,4
47,45,3
47,141,5
47,148,3
47,176,4
47,162,4
47,194,3
47,42,3
47,72,3
47,167,4
47,94,2
47,116,4
47,256,5
47,53,3
47,132,4
47,156,5
47,103,4
47,228,5
47,217,4
47,273,5
47,9,3
47,152,4
47,238,3
47,268,5
47,97,4
47,186,4
47,293,5
47,138,5
47,247,3
47,270,4
47,64,3
47,187,2
47,223,5
47,95,3
47,144,4
47,230,4
47,115,3
47,177,4
47,188,5
47,75,5
47,196,5
47,191,5
47,261,4
47,276,4
47,246,3
47,23,3
47,216,4
48,285,1
48,146,1
48,160,2
48,127,4
48,19,2
48,62,3
48,244,1
48,261,2
48,198,2
48,227,4
48,167,4
48,25,4
48,165,3
48,181,4
48,21,1
48,215,1
48,57,3
48,204,2
48,40,3
48,258,3
48,35,2
48,119,3
48,105,5
48,238,4
48,172,5
48,3,3
48,51,2
48,176,2
48,76,3
48,297,1
48,92,5
48,9,3
48,107,4
48,68,2
48,79,5
48,252,5
48,170,1
48,11,3
48,131,2
48,88,2
48,178,1
48,37,2
48,152,2
48,159,3
48,255,2
48,289,2
48,48,3
48,89,3
48,91,4
48,82,5
48,263,2
48,260,2
48,187,3
48,132,2
48,169,3
48,67,3
48,290,3
48,281,3
48,189,4
48,45,2
48,248,3
48,225,2
48,221,2
48,4,3
48,269,4
48,128,1
48,193,4
48,202,2
48,288,4
48,157,5
49,88,3
49,294,2
49,55,3
49,243,4
49,209,2
49,58,1
49,99,5
49,160,3
49,150,3
49,21,1
49,2,5
49,98,3
49,115,1
49,75,3
49,61,3
49,278,5
49,257,1
49,92,5
49,10,4
49,82,5
49,183,3
49,130,2
49,54,3
49,182,1
49,142,3
49,172,4
49,200,3
49,133,3
49,52,3
49,167,3
49,153,2
49,162,2
49,287,2
49,295,3
49,45,2
49,206,2
49,168,3
49,33,1
49,90,4
49,188,3
49,297,2
49,179,4
49,17,3
49,44,5
49,59,3
49,157,5
49,171,2
49,231,5
49,23,3
49,121,3
49,252,4
49,176,2
49,94,4
49,292,3
49,27,4
49,219,3
49,40,3
49,163,2
49,242,3
49,263,2
49,77,2
49,264,3
49,246,2
49,235,3
49,180,3
49,101,4
49,67,3
49,145,4
49,3,3
49,262,2
5,234,5
5,51,5
5,214,2
5,144,4
5,195,4
5,217,4
5,156,5
5,68,5
5,282,4
5,162,4
5,293,5
5,251,3
5,265,4
5,101,4
5,185,2
5,256,5
5,94,2
5,197,3
5,143,4
5,129,4
5,66,5
5,7,3
5,147,4
5,115,4
5,285,3
5,32,5
5,254,5
5,249,4
5,176,4
5,189,4
5,99,5
5,41,4
5,281,3
5,122,1
5,154,4
5,40,4
5,273,5
5,112,4
5,194,3
5,20,3
5,297,4
5,145,4
5,167,4
5,97,2
5,134,5
5,258,5
5,138,5
5,177,4
5,169,3
5,152,4
5,182,1
5,45,4
5,146,3
5,247,3
5,103,5
5,223,4
5,250,3
5,53,3
5,238,2
5,118,5
5,270,4
5,125,4
5,260,4
5,283,3
5,81,4
5,141,5
5,191,5
5,60,5
5,21,3
50,56,3
50,164,5
50,263,3
50,6,5
50,104,3
50,11,4
50,227,4
50,177,4
50,140,3
50,35,4
50,16,3
50,171,3
50,261,3
50,256,4
50,3,3
50,128,2
50,63,4
50,14,2
50,180,3
50,71,1
50,68,4
50,111,3
50,215,3
50,75,4
50,76,4
50,291,3
50,47,5
50,15,4
50,241,2
50,96,5
50,294,3
50,107,4
50,203,1
50,57,3
50,91,4
50,149,3
50,160,4
50,277,5
50,54,2
50,145,4
50,22,3
50,255,4
50,152,3
50,125,4
50,193,4
50,282,4
50,269,4
50,82,5
50,119,4
50,228,4
50,223,4
50,1,3
50,13,2
50,239,5
50,284,4
50,281,1
50,51,4
50,122,2
50,221,4
50,213,2
50,134,5
50,105,5
50,59,4
50,37,3
50,167,4
50,50,4
50,74,5
50,97,3
50,132,1
50,4,4
51,228,4
51,11,2
51,265,3
51,157,5
51,201,3
51,3,4
51,183,3
51,232,4
51,163,3
51,50,5
51,20,3
51,100,3
51,172,3
51,205,3
51,281,1
51,166,3
51,169,4
51,255,3
51,52,3
51,93,4
51,129,5
51,267,3
51,0,3
51,236,4
51,70,1
51,12,1
51,193,5
51,9,4
51,58,2
51,171,3
51,235,3
51,4,3
51,274,4
51,14,3
51,47,4
51,122,2
51,33,2
51,35,3
51,144,3
51,124,4
51,1,3
51,142,4
51,133,2
51,200,4
51,186,3
51,140,2
51,150,1
51,97,4
51,143,5
51,229,2
51,184,1
51,60,2
51,212,5
51,30,2
51,10,3
51,290,1
51,250,3
51,43,2
51,237,3
51,208,2
51,287,1
51,68,2
51,75,3
51,252,4
51,106,4
51,135,3
51,158,3
51,94,4
51,196,3
52,101,1
52,127,4
52,11,5
52,86,5
52,59,5
52,204,4
52,45,3
52,237,4
52,89,4
52,3,5
52,118,2
52,52,5
52,176,3
52,35,1
52,88,3
52,68,4
52,49,4
52,250,5
52,260,4
52,56,4
52,92,5
52,108,1
52,265,4
52,132,2
52,133,4
52,121,5
52,193,4
52,87,3
52,189,4
52,214,1
52,50,5
52,257,1
52,219,5
52,201,5
52,293,4
52,223,5
52,226,4
52,139,2
52,99,5
52,76,3
52,179,3
52,85,5
52,259,4
52,91,5
52,77,4
52,269,4
52,7,3
52,95,3
52,160,2
52,252,5
52,243,1
52,175,3
52,21,4
52,33,5
52,168,4
52,26,1
52,284,5
52,20,5
52,186,4
52,181,4
52,46,5
52,184,4
52,258,3
52,187,5
52,224,4
52,138,1
52,32,4
52,78,3
52,75,3
52,70,3
53,64,3
53,169,3
53,81,4
53,51,5
53,216,4
53,288,5
53,125,4
53,8,4
53,56,4
53,167,4
53,258,5
53,116,4
53,114,4
53,294,4
53,177,4
53,182,1
53,66,5
53,251,3
53,145,4
53,132,4
53,223,5
53,282,4
53,259,3
53,41,4
53,53,3
53,50,4
53,189,4
53,256,5
53,55,5
53,23,3
53,297,4
53,283,3
53,140,3
53,83,1
53,238,3
53,190,5
53,20,4
53,155,2
53,40,4
53,293,5
53,191,3
53,254,5
53,99,5
53,188,5
53,21,3
53,215,5
53,32,5
53,211,4
53,75,5
53,7,3
53,87,4
53,242,3
53,138,5
53,270,4
53,260,4
53,195,4
53,217,4
53,12,5
53,276,5
53,27,5
53,60,3
53,118,5
53,269,4
53,115,3
53,186,4
53,144,4
53,112,4
53,117,3
53,148,3
53,268,5
53,176,4
54,39,4
54,93,4
54,66,2
54,239,4
54,203,3
54,84,4
54,45,3
54,97,3
54,130,2
54,86,5
54,245,1
54,292,1
54,92,5
54,188,4
54,249,1
54,281,3
54,6,3
54,251,1
54,200,4
54,182,1
54,237,2
54,279,4
54,5,3
54,254,4
54,146,3
54,244,3
54,62,4
54,154,2
54,111,3
54,168,1
54,295,2
54,193,3
54,157,5
54,21,2
54,286,3
54,186,3
54,215,2
54,49,3
54,212,5
54,133,4
54,14,2
54,34,5
54,30,2
54,197,5
54,175,2
54,7,2
54,87,1
54,147,4
54,179,3
54,274,5
54,218,2
54,205,4
54,267,3
54,152,3
54,61,3
54,123,1
54,82,5
54,217,2
54,77,3
54,169,3
54,216,3
54,246,3
54,41,2
54,278,3
54,115,1
54,70,2
54,9,2
54,176,1
54,184,3
55,100,4
55,108,1
55,60,1
55,64,3
55,11,2
55,92,5
55,276,4
55,212,3
55,278,3
55,139,2
55,211,3
55,271,5
55,155,3
55,283,2
55,63,4
55,109,2
55,106,4
55,234,1
55,8,3
55,129,4
55,267,3
55,209,3
55,170,3
55,4,4
55,21,2
55,221,3
55,293,3
55,10,2
55,135,4
55,41,3
55,3,4
55,45,3
55,196,4
55,186,4
55,265,3
55,20,4
55,107,3
55,161,4
55,30,3
55,163,3
55,39,2
55,295,5
55,57,1
55,6,5
55,93,3
55,273,3
55,225,3
55,197,4
55,231,3
55,150,1
55,232,4
55,142,4
55,36,2
55,140,3
55,75,3
55,188,4
55,202,3
55,147,4
55,62,3
55,286,3
55,272,3
55,261,1
55,1,3
55,22,3
55,294,2
55,18,1
55,191,3
55,126,1
55,247,3
56,205,5
56,249,2
56,223,3
56,217,4
56,285,3
56,87,3
56,28,3
56,120,1
56,178,4
56,225,4
56,95,4
56,45,2
56,59,5
56,78,4
56,263,2
56,25,4
56,137,4
56,6,5
56,145,3
56,153,5
56,20,4
56,58,3
56,208,3
56,161,3
56,222,3
56,69,4
56,234,4
56,292,5
56,261,5
56,193,4
56,132,3
56,114,3
56,269,3
56,134,3
56,185,3
56,238,3
56,57,4
56,180,4
56,143,4
56,177,4
56,14,5
56,262,3
56,203,1
56,47,4
56,213,3
56,286,4
56,258,4
56,148,3
56,273,5
56,246,3
56,40,3
56,279,5
56,230,4
56,103,2
56,3,5
56,227,5
56,284,4
56,291,1
56,90,3
56,209,5
56,190,3
56,30,3
56,88,4
56,256,5
56,84,5
56,86,5
56,96,4
56,173,5
56,139,3
57,97,3
57,229,1
57,247,2
57,186,3
57,50,4
57,52,3
57,215,1
57,67,1
57,157,5
57,41,3
57,172,3
57,275,1
57,4,3
57,278,3
57,265,3
57,48,3
57,12,1
57,266,1
57,267,3
57,98,3
57,19,1
57,3,3
57,158,2
57,63,3
57,263,1
57,222,1
57,201,2
57,60,1
57,219,3
57,75,4
57,92,5
57,198,2
57,166,2
57,23,3
57,71,1
57,181,2
57,21,3
57,152,4
57,8,1
57,200,2
57,36,2
57,27,3
57,43,5
57,87,2
57,142,4
57,137,3
57,91,3
57,279,3
57,206,3
57,283,3
57,196,2
57,237,4
57,18,4
57,6,4
57,211,3
57,243,3
57,109,5
57,274,3
57,183,3
57,145,4
57,135,3
57,212,5
57,246,2
57,220,2
57,277,5
57,120,5
57,51,1
57,162,2
57,108,1
58,211,4
58,240,1
58,215,4
58,156,3
58,180,3
58,90,3
58,20,4
58,227,5
58,204,3
58,84,3
58,140,1
58,107,3
58,38,5
58,26,3
58,148,4
58,80,3
58,273,5
58,294,4
58,166,4
58,78,5
58,160,4
58,230,4
58,263,3
58,269,4
58,213,3
58,255,4
58,63,3
58,10,5
58,25,5
58,249,4
58,30,3
58,75,3
58,146,4
58,153,5
58,267,5
58,234,4
58,122,3
58,161,4
58,192,4
58,195,5
58,8,3
58,64,3
58,162,2
58,28,3
58,158,2
58,16,4
58,152,3
58,218,5
58,132,1
58,261,4
58,190,5
58,48,4
58,130,2
58,229,2
58,96,5
58,235,4
58,131,4
58,115,3
58,87,4
58,209,3
58,223,3
58,239,4
58,125,4
58,19,5
58,265,3
58,57,4
58,104,5
58,210,4
58,170,3
59,221,3
59,288,3
59,51,3
59,8,3
59,277,3
59,264,4
59,114,4
59,136,2
59,262,3
59,292,1
59,231,3
59,100,4
59,141,3
59,138,5
59,225,3
59,54,3
59,74,4
59,84,3
59,131,3
59,111,3
59,121,3
59,134,2
59,137,3
59,61,2
59,295,2
59,220,2
59,284,3
59,58,2
59,130,2
59,6,4
59,80,3
59,38,3
59,180,3
59,92,4
59,263,3
59,166,4
59,289,3
59,190,4
59,19,4
59,191,3
59,56,4
59,222,3
59,254,3
59,52,4
59,206,4
59,83,2
59,82,5
59,16,4
59,230,4
59,151,2
59,96,5
59,269,3
59,145,5
59,17,4
59,217,3
59,78,3
59,160,3
59,282,3
59,161,3
59,79,4
59,291,4
59,170,3
59,107,4
59,60,1
59,296,4
59,187,2
59,272,4
59,196,3
59,186,5
6,214,4
6,134,5
6,258,4
6,257,3
6,194,3
6,21,2
6,242,3
6,128,2
6,102,4
6,81,2
6,104,3
6,112,3
6,25,4
6,272,3
6,58,1
6,270,3
6,172,3
6,6,5
6,157,5
6,159,3
6,215,4
6,114,3
6,19,5
6,255,3
6,99,5
6,37,3
6,162,2
6,173,3
6,206,4
6,29,5
6,273,4
6,73,2
6,144,4
6,176,2
6,100,4
6,220,3
6,241,3
6,141,4
6,65,3
6,139,2
6,55,4
6,218,3
6,190,4
6,72,3
6,79,4
6,285,3
6,216,3
6,51,5
6,274,5
6,293,4
6,195,4
6,116,4
6,247,3
6,260,4
6,202,4
6,27,4
6,236,4
6,280,3
6,239,4
6,171,5
6,5,3
6,113,4
6,0,3
6,166,3
6,240,1
6,227,4
6,163,3
6,263,3
6,82,5
60,176,3
60,128,5
60,173,2
60,119,1
60,270,5
60,5,4
60,229,2
60,112,4
60,224,4
60,210,3
60,146,4
60,200,4
60,259,4
60,118,3
60,158,4
60,126,3
60,204,5
60,13,3
60,228,4
60,217,4
60,284,3
60,184,4
60,136,3
60,156,3
60,226,4
60,258,5
60,155,2
60,78,4
60,26,2
60,295,5
60,84,5
60,41,3
60,86,5
60,45,3
60,246,3
60,90,2
60,267,5
60,294,4
60,55,5
60,241,3
60,292,5
60,179,3
60,77,5
60,250,3
60,220,3
60,129,4
60,132,4
60,66,4
60,213,4
60,271,4
60,108,5
60,99,5
60,138,5
60,273,5
60,54,4
60,169,5
60,257,4
60,97,3
60,83,1
60,256,5
60,237,4
60,269,4
60,21,4
60,230,4
60,50,5
60,131,3
60,209,4
60,53,3
60,223,4
60,189,5
61,120,1
61,20,3
61,245,2
61,119,3
61,70,2
61,180,2
61,277,2
61,73,2
61,184,2
61,189,3
61,249,3
61,268,3
61,297,1
61,86,1
61,124,2
61,67,4
61,207,2
61,135,4
61,271,4
61,19,1
61,179,3
61,117,3
61,154,1
61,62,3
61,231,3
61,181,3
61,97,3
61,150,3
61,232,4
61,240,1
61,175,2
61,147,3
61,251,1
61,196,3
61,0,1
61,18,3
61,172,3
61,260,4
61,50,4
61,199,2
61,161,2
61,29,2
61,121,3
61,24,3
61,84,5
61,105,1
61,265,2
61,123,1
61,151,1
61,35,3
61,126,1
61,155,2
61,39,4
61,212,5
61,188,3
61,42,1
61,266,2
61,197,4
61,74,3
61,2,4
61,282,1
61,157,5
61,192,3
61,183,3
61,276,1
61,229,3
61,162,3
61,298,1
61,292,1
62,69,4
62,221,4
62,55,4
62,150,1
62,161,3
62,119,4
62,4,4
62,113,3
62,124,3
62,35,4
62,166,4
62,11,3
62,202,3
62,216,3
62,228,5
62,56,4
62,116,4
62,268,5
62,80,5
62,156,4
62,239,3
62,154,1
62,65,3
62,184,2
62,273,5
62,255,2
62,194,3
62,271,5
62,257,3
62,179,3
62,79,3
62,210,3
62,275,3
62,78,5
62,140,3
62,254,4
62,110,4
62,6,5
62,143,5
62,191,4
62,231,3
62,233,3
62,197,4
62,289,3
62,2,5
62,177,2
62,251,3
62,34,5
62,0,3
62,242,4
62,282,3
62,263,3
62,97,3
62,54,3
62,107,5
62,236,4
62,264,3
62,235,3
62,134,5
62,81,3
62,207,3
62,214,3
62,72,3
62,148,3
62,277,4
62,123,5
62,151,2
62,74,4
62,173,3
62,220,2
62,272,3
63,193,3
63,152,3
63,133,3
63,267,4
63,229,4
63,218,2
63,56,4
63,23,3
63,261,4
63,35,4
63,263,3
63,206,5
63,231,3
63,49,3
63,120,2
63,1,3
63,50,3
63,105,5
63,236,2
63,10,3
63,242,4
63,158,1
63,43,4
63,198,1
63,238,4
63,42,3
63,113,4
63,119,3
63,246,4
63,144,3
63,26,1
63,55,4
63,201,4
63,111,3
63,86,4
63,103,5
63,57,1
63,5,4
63,209,3
63,298,1
63,244,1
63,165,3
63,141,4
63,51,3
63,138,3
63,63,4
63,297,1
63,65,5
63,279,3
63,181,3
63,97,4
63,226,4
63,11,4
63,59,4
63,151,2
63,233,2
63,156,3
63,277,2
63,185,3
63,47,3
63,6,4
63,96,3
63,38,3
63,169,3
63,30,3
63,52,3
63,284,3
63,191,3
63,74,5
64,99,5
64,128,2
64,40,3
64,189,3
64,12,2
64,144,2
64,100,3
64,84,3
64,291,2
64,198,3
64,194,3
64,81,2
64,108,5
64,267,3
64,236,4
64,154,1
64,248,2
64,32,3
64,72,2
64,82,5
64,216,2
64,206,2
64,277,2
64,266,4
64,2,3
64,180,2
64,287,3
64,221,1
64,186,5
64,114,1
64,21,1
64,62,3
64,120,1
64,188,4
64,176,2
64,251,2
64,27,5
64,222,2
64,220,3
64,155,3
64,179,3
64,237,3
64,160,2
64,49,4
64,299,4
64,242,3
64,241,4
64,34,3
64,167,3
64,134,5
64,8,1
64,129,4
64,77,2
64,252,5
64,127,3
64,9,2
64,244,5
64,69,3
64,260,3
64,18,5
64,285,1
64,171,3
64,50,5
64,67,2
64,52,3
64,116,3
64,270,1
64,23,2
64,212,5
64,229,2
65,220,2
65,161,3
65,92,4
65,163,3
65,292,2
65,49,3
65,128,1
65,189,3
65,196,5
65,58,2
65,82,5
65,84,4
65,44,1
65,244,1
65,286,3
65,24,2
65,265,3
65,52,2
65,4,2
65,277,3
65,18,5
65,91,3
65,236,3
65,188,4
65,23,3
65,211,3
65,234,1
65,87,1
65,279,3
65,142,4
65,232,3
65,16,3
65,186,4
65,69,3
65,171,2
65,43,3
65,207,2
65,267,3
65,134,5
65,167,3
65,241,2
65,164,3
65,75,3
65,219,3
65,147,3
65,297,3
65,20,3
65,283,3
65,99,4
65,137,3
65,40,2
65,62,3
65,9,3
65,109,5
65,70,1
65,275,1
65,2,4
65,247,2
65,80,2
65,122,1
65,153,1
65,36,1
65,179,3
65,191,3
65,237,3
65,268,4
65,231,4
65,5,2
65,28,1
66,107,3
66,149,1
66,205,5
66,277,3
66,20,3
66,141,3
66,17,2
66,30,3
66,210,3
66,65,4
66,209,2
66,61,3
66,94,4
66,232,4
66,169,4
66,247,3
66,32,3
66,181,2
66,127,3
66,21,2
66,143,5
66,75,5
66,202,3
66,120,4
66,167,4
66,243,3
66,217,4
66,78,2
66,165,4
66,98,3
66,166,3
66,224,3
66,84,3
66,294,3
66,289,3
66,117,3
66,67,2
66,62,4
66,10,4
66,200,3
66,172,3
66,119,2
66,129,5
66,221,3
66,54,3
66,126,3
66,121,2
66,193,5
66,137,3
66,79,3
66,272,3
66,264,3
66,39,3
66,235,5
66,90,3
66,135,3
66,64,3
66,27,4
66,199,4
66,230,3
66,226,5
66,242,3
66,150,4
66,106,3
66,3,4
66,95,3
66,299,4
66,251,2
66,51,2
67,288,4
67,267,4
67,95,4
67,74,4
67,257,1
67,139,2
67,254,4
67,174,3
67,211,3
67,62,3
67,118,3
67,175,2
67,149,2
67,180,3
67,264,3
67,58,2
67,258,5
67,122,2
67,213,4
67,42,5
67,59,4
67,195,4
67,2,4
67,238,3
67,159,3
67,85,4
67,28,2
67,46,2
67,53,5
67,296,3
67,35,3
67,239,5
67,170,4
67,60,1
67,45,2
67,277,5
67,124,3
67,134,5
67,160,4
67,116,4
67,279,4
67,133,3
67,282,3
67,3,3
67,293,5
67,225,1
67,68,4
67,295,1
67,131,4
67,105,5
67,286,4
67,178,3
67,8,2
67,47,1
67,92,5
67,243,4
67,101,5
67,231,1
67,251,2
67,15,4
67,64,3
67,209,3
67,63,3
67,162,2
67,81,2
67,27,4
67,205,3
67,31,4
67,207,4
67,190,4
68,16,4
68,55,4
68,177,4
68,124,4
68,144,3
68,288,3
68,102,5
68,22,4
68,254,3
68,293,4
68,231,2
68,199,4
68,268,5
68,8,4
68,143,4
68,19,3
68,134,3
68,285,3
68,10,5
68,66,4
68,178,3
68,95,4
68,94,3
68,122,3
68,59,3
68,76,2
68,165,3
68,40,3
68,210,3
68,262,4
68,118,4
68,9,2
68,207,3
68,166,4
68,46,1
68,145,4
68,80,3
68,147,4
68,111,3
68,65,3
68,125,4
68,158,5
68,255,3
68,156,3
68,136,3
68,187,1
68,112,3
68,90,5
68,294,3
68,291,4
68,131,3
68,51,3
68,264,3
68,227,5
68,233,3
68,146,4
68,273,5
68,96,4
68,126,4
68,114,3
68,256,3
68,296,4
68,179,3
68,151,3
68,250,2
68,247,3
68,36,5
68,200,3
68,64,3
68,75,3
69,130,1
69,155,2
69,268,5
69,203,3
69,293,3
69,296,3
69,202,4
69,137,3
69,247,2
69,190,3
69,196,3
69,8,2
69,248,4
69,102,5
69,241,3
69,6,4
69,272,3
69,65,3
69,112,3
69,114,3
69,143,4
69,34,4
69,4,3
69,30,3
69,161,5
69,90,5
69,100,4
69,236,4
69,148,4
69,51,4
69,131,3
69,222,1
69,89,3
69,263,3
69,234,3
69,108,3
69,283,3
69,129,3
69,27,5
69,164,4
69,111,2
69,171,4
69,36,3
69,93,3
69,162,3
69,1,3
69,255,5
69,79,4
69,87,4
69,136,2
69,66,3
69,179,3
69,279,3
69,16,4
69,262,4
69,271,5
69,256,5
69,70,4
69,210,3
69,63,4
69,142,3
69,113,3
69,24,3
69,184,1
69,180,2
69,176,4
69,174,3
69,116,4
69,254,3
7,105,5
7,122,2
7,72,4
7,53,2
7,26,2
7,84,4
7,73,2
7,217,3
7,6,5
7,143,5
7,212,4
7,85,2
7,104,3
7,232,3
7,257,1
7,117,4
7,268,5
7,145,4
7,112,3
7,242,3
7,265,2
7,19,3
7,215,3
7,177,4
7,99,5
7,179,4
7,134,5
7,61,2
7,299,3
7,219,4
7,7,2
7,174,2
7,150,3
7,27,4
7,34,4
7,200,4
7,128,3
7,80,4
7,22,2
7,16,3
7,180,3
7,201,2
7,60,1
7,139,1
7,230,3
7,225,4
7,213,5
7,196,3
7,193,3
7,239,3
7,129,3
7,273,4
7,0,3
7,228,3
7,31,3
7,45,2
7,56,3
7,90,5
7,279,3
7,160,3
7,247,3
7,40,2
7,124,4
7,17,4
7,292,2
7,43,3
7,115,3
7,256,5
7,281,3
7,57,3
70,121,3
70,100,3
70,135,3
70,36,1
70,197,4
70,26,1
70,241,3
70,112,4
70,226,4
70,22,4
70,136,3
70,252,4
70,113,4
70,34,4
70,272,3
70,230,3
70,61,2
70,16,3
70,194,2
70,196,2
70,107,1
70,263,1
70,145,3
70,293,4
70,141,4
70,108,1
70,72,3
70,152,2
70,219,3
70,243,4
70,260,3
70,255,3
70,129,3
70,110,3
70,93,4
70,84,4
70,288,5
70,279,3
70,130,2
70,80,2
70,289,4
70,134,5
70,204,2
70,49,3
70,94,5
70,40,3
70,131,3
70,291,2
70,239,3
70,143,4
70,95,5
70,154,1
70,182,3
70,111,3
70,297,2
70,157,5
70,156,3
70,216,2
70,292,3
70,296,3
70,231,3
70,281,1
70,17,3
70,276,3
70,179,3
70,103,2
70,117,3
70,128,4
70,102,1
71,267,3
71,219,4
71,234,3
71,193,4
71,268,3
71,175,3
71,49,4
71,232,3
71,296,1
71,231,5
71,245,3
71,97,2
71,169,4
71,30,3
71,142,2
71,29,3
71,54,1
71,150,4
71,253,1
71,276,3
71,281,1
71,130,2
71,44,3
71,179,3
71,237,3
71,288,4
71,2,5
71,194,1
71,50,3
71,92,4
71,3,3
71,66,3
71,16,3
71,183,3
71,243,3
71,214,1
71,161,3
71,134,5
71,4,3
71,137,3
71,6,5
71,17,3
71,207,2
71,0,3
71,199,3
71,148,3
71,62,3
71,111,3
71,123,1
71,212,4
71,102,3
71,20,3
71,86,4
71,70,2
71,121,2
71,129,5
71,247,2
71,138,1
71,93,2
71,163,3
71,98,2
71,71,3
71,292,2
71,77,3
71,110,3
71,286,3
71,275,2
71,226,3
71,69,1
71,167,4
72,190,4
72,194,3
72,185,3
72,115,4
72,56,4
72,216,4
72,270,4
72,169,3
72,239,5
72,182,1
72,230,4
72,41,4
72,269,4
72,288,5
72,131,4
72,40,4
72,23,3
72,154,4
72,117,3
72,260,4
72,214,3
72,60,3
72,42,3
72,81,4
72,294,4
72,258,5
72,176,4
72,146,3
72,12,5
72,265,4
72,268,5
72,297,4
72,195,4
72,196,5
72,156,5
72,101,4
72,215,4
72,256,5
72,261,4
72,188,5
72,254,5
72,32,5
72,283,3
72,138,5
72,116,4
72,217,4
72,64,3
72,99,5
72,285,3
72,144,4
72,7,4
72,244,4
72,152,4
72,50,5
72,20,4
72,249,4
72,273,5
72,35,4
72,282,4
72,78,3
72,94,2
72,9,3
72,104,5
72,142,4
72,83,1
72,167,4
72,259,3
72,148,4
72,118,5
73,69,4
73,119,4
73,148,3
73,230,4
73,103,5
73,219,4
73,231,2
73,111,4
73,191,3
73,67,3
73,186,5
73,128,3
73,62,4
73,98,3
73,93,4
73,207,2
73,65,3
73,287,4
73,189,3
73,145,5
73,299,4
73,176,1
73,254,3
73,270,3
73,24,4
73,277,4
73,133,3
73,101,4
73,167,4
73,54,3
73,280,2
73,88,5
73,172,4
73,142,5
73,110,4
73,264,4
73,241,3
73,13,4
73,38,3
73,100,4
73,251,2
73,213,5
73,263,2
73,115,3
73,171,2
73,125,4
73,184,3
73,262,2
73,227,4
73,216,2
73,247,3
73,165,5
73,95,4
73,4,4
73,292,3
73,235,5
73,198,4
73,202,4
73,23,3
73,21,3
73,220,3
73,218,2
73,92,4
73,45,3
73,158,4
73,136,2
73,295,4
73,109,3
73,193,5
73,258,4
74,141,4
74,73,3
74,41,3
74,277,4
74,155,3
74,162,2
74,244,4
74,27,3
74,1,2
74,51,5
74,97,3
74,11,2
74,191,4
74,232,4
74,109,4
74,116,3
74,247,3
74,159,2
74,288,3
74,249,3
74,156,3
74,87,3
74,216,3
74,124,4
74,70,4
74,271,5
74,52,2
74,107,3
74,276,4
74,231,3
74,29,3
74,255,3
74,113,3
74,275,2
74,280,2
74,137,2
74,90,3
74,108,1
74,36,2
74,196,1
74,217,2
74,281,3
74,34,4
74,171,5
74,203,2
74,278,2
74,172,4
74,80,3
74,35,3
74,44,1
74,201,4
74,10,2
74,152,4
74,112,3
74,71,1
74,245,2
74,186,3
74,184,2
74,16,2
74,120,2
74,174,2
74,200,1
74,100,5
74,56,3
74,84,4
74,19,2
74,93,2
74,81,3
74,297,4
75,255,3
75,96,5
75,233,3
75,283,3
75,64,2
75,151,1
75,266,1
75,141,4
75,57,3
75,184,3
75,130,1
75,93,5
75,67,3
75,190,1
75,121,2
75,278,3
75,159,3
75,129,4
75,42,2
75,187,2
75,45,3
75,74,3
75,105,5
75,97,4
75,47,3
75,48,3
75,78,3
75,144,4
75,107,3
75,248,3
75,290,4
75,253,3
75,152,2
75,206,4
75,185,4
75,275,3
75,269,1
75,229,1
75,19,4
75,44,1
75,164,3
75,39,3
75,35,4
75,20,2
75,274,3
75,295,3
75,69,4
75,70,3
75,14,2
75,112,3
75,62,3
75,195,5
75,104,3
75,122,2
75,91,4
75,41,4
75,261,4
75,4,3
75,153,4
75,5,4
75,235,2
75,259,3
75,170,5
75,10,4
75,7,3
75,204,2
75,147,3
75,256,5
75,68,2
75,220,2
76,36,2
76,109,2
76,194,5
76,45,2
76,282,3
76,275,3
76,257,1
76,215,3
76,142,3
76,277,4
76,107,5
76,247,3
76,228,5
76,235,3
76,48,3
76,110,3
76,258,3
76,38,1
76,241,4
76,239,4
76,174,3
76,0,3
76,100,3
76,42,3
76,210,4
76,299,3
76,263,3
76,40,2
76,234,4
76,113,4
76,166,4
76,2,3
76,58,2
76,253,2
76,53,4
76,37,3
76,203,4
76,35,3
76,214,4
76,139,3
76,63,3
76,46,1
76,47,2
76,177,3
76,104,5
76,19,4
76,9,3
76,65,1
76,230,3
76,286,4
76,218,2
76,77,3
76,186,4
76,64,3
76,78,4
76,68,4
76,213,3
76,141,4
76,144,3
76,114,3
76,112,3
76,290,3
76,249,2
76,199,3
76,190,4
76,116,5
76,255,3
76,179,3
76,280,3
77,140,1
77,170,4
77,190,3
77,45,2
77,199,4
77,19,3
77,78,3
77,159,4
77,95,4
77,76,3
77,296,3
77,166,4
77,113,3
77,107,4
77,26,4
77,37,3
77,24,4
77,132,1
77,194,4
77,28,3
77,42,1
77,274,4
77,206,5
77,56,3
77,209,2
77,177,4
77,92,3
77,3,4
77,122,2
77,119,4
77,249,3
77,265,3
77,0,3
77,165,3
77,48,3
77,72,2
77,105,5
77,248,4
77,260,4
77,17,4
77,47,3
77,36,4
77,148,4
77,59,2
77,290,5
77,262,4
77,164,4
77,64,2
77,35,3
77,31,3
77,255,3
77,2,3
77,284,4
77,8,3
77,210,4
77,279,4
77,102,5
77,208,3
77,172,4
77,20,4
77,195,3
77,283,3
77,201,4
77,173,4
77,160,4
77,222,1
77,91,3
77,272,3
77,163,3
77,1,4
78,279,4
78,261,5
78,176,4
78,60,5
78,63,3
78,269,4
78,246,4
78,121,4
78,201,4
78,285,2
78,239,5
78,270,3
78,157,5
78,186,4
78,21,3
78,139,3
78,85,5
78,11,5
78,39,5
78,294,5
78,214,3
78,120,4
78,295,5
78,43,3
78,220,3
78,197,2
78,256,5
78,108,5
78,260,4
78,49,5
78,278,5
78,164,3
78,95,5
78,216,3
78,98,4
78,254,5
78,50,5
78,266,5
78,119,3
78,115,4
78,69,5
78,7,5
78,130,2
78,146,4
78,189,5
78,137,4
78,83,4
78,188,2
78,20,5
78,84,5
78,238,3
78,3,5
78,249,3
78,82,5
78,154,1
78,169,4
78,180,4
78,289,1
78,259,4
78,78,3
78,59,5
78,293,5
78,182,3
78,55,4
78,150,1
78,75,5
78,86,5
78,99,1
78,215,4
79,127,4
79,194,3
79,248,4
79,163,3
79,17,4
79,70,4
79,8,3
79,21,3
79,159,3
79,275,2
79,241,4
79,177,4
79,292,2
79,231,3
79,218,3
79,74,3
79,296,2
79,290,5
79,242,4
79,208,3
79,119,3
79,0,3
79,57,3
79,123,1
79,198,2
79,195,2
79,59,3
79,96,4
79,38,3
79,114,3
79,45,2
79,140,3
79,10,4
79,121,2
79,78,2
79,110,3
79,109,1
79,67,2
79,192,2
79,294,3
79,73,3
79,257,3
79,199,3
79,29,2
79,49,3
79,149,2
79,107,4
79,154,4
79,79,4
79,255,4
79,80,3
79,228,4
79,105,5
79,126,3
79,99,5
79,164,4
79,35,4
79,251,1
79,30,3
79,156,4
79,1,3
79,171,3
79,270,4
79,210,5
79,48,3
79,165,4
79,31,2
79,265,3
79,258,3
8,1,3
8,166,5
8,127,5
8,125,4
8,234,5
8,292,3
8,104,3
8,132,2
8,122,3
8,209,4
8,285,3
8,256,5
8,247,4
8,175,5
8,190,5
8,227,5
8,113,3
8,10,5
8,170,5
8,198,3
8,114,4
8,246,4
8,148,4
8,40,3
8,174,4
8,240,3
8,107,3
8,66,5
8,161,4
8,153,5
8,88,3
8,11,5
8,36,4
8,76,3
8,263,3
8,137,5
8,78,5
8,226,5
8,162,3
8,210,5
8,258,4
8,178,4
8,96,4
8,99,5
8,214,4
8,168,4
8,117,4
8,6,4
8,8,4
8,177,5
8,41,4
8,279,4
8,139,3
8,109,2
8,136,3
8,265,3
8,69,5
8,200,1
8,195,4
8,213,3
8,70,2
8,149,5
8,290,3
8,119,4
8,30,4
8,144,3
8,111,3
8,204,5
8,207,4
8,267,4
8,203,3
80,201,4
80,161,4
80,126,4
80,73,4
80,238,4
80,93,5
80,90,4
80,204,4
80,16,4
80,221,4
80,72,4
80,91,3
80,116,4
80,190,5
80,51,3
80,19,2
80,80,4
80,1,4
80,174,3
80,113,4
80,102,3
80,79,3
80,44,2
80,89,3
80,130,1
80,124,3
80,118,4
80,273,5
80,26,1
80,151,3
80,248,3
80,143,5
80,294,3
80,209,3
80,242,3
80,222,3
80,208,3
80,75,4
80,213,3
80,22,3
80,195,2
80,131,3
80,269,3
80,193,5
80,255,4
80,218,4
80,137,3
80,104,3
80,62,4
80,279,3
80,148,3
80,117,3
80,158,4
80,227,5
80,134,5
80,299,4
80,107,3
80,140,1
80,17,4
80,263,4
80,76,3
80,228,4
80,8,4
80,114,3
80,57,2
80,149,1
80,30,3
80,4,3
80,177,3
81,31,4
81,104,5
81,178,3
81,40,3
81,112,2
81,296,3
81,139,3
81,57,3
81,249,3
81,26,2
81,162,2
81,9,3
81,144,3
81,244,1
81,159,3
81,191,2
81,246,5
81,20,3
81,279,4
81,227,5
81,74,5
81,76,3
81,39,4
81,165,3
81,138,4
81,263,4
81,293,4
81,118,3
81,80,2
81,60,1
81,123,1
81,210,3
81,63,3
81,170,3
81,12,1
81,122,3
81,161,3
81,199,4
81,124,4
81,258,4
81,152,3
81,166,3
81,264,3
81,239,4
81,153,4
81,84,2
81,256,5
81,187,1
81,190,4
81,91,4
81,146,3
81,148,3
81,265,3
81,223,3
81,211,4
81,267,5
81,273,5
81,175,3
81,59,4
81,288,4
81,132,1
81,213,4
81,192,4
81,86,4
81,229,1
81,116,3
81,218,4
81,72,3
81,82,5
81,209,3
82,85,5
82,242,5
82,230,4
82,247,4
82,135,2
82,134,5
82,66,5
82,87,4
82,165,5
82,117,4
82,95,5
82,42,1
82,220,5
82,60,1
82,270,5
82,261,4
82,293,4
82,5,4
82,29,4
82,114,3
82,88,1
82,84,3
82,254,4
82,125,5
82,32,5
82,260,3
82,249,2
82,162,4
82,217,3
82,7,4
82,78,5
82,150,1
82,19,3
82,152,1
82,281,2
82,177,3
82,172,2
82,104,3
82,68,5
82,173,4
82,132,4
82,237,2
82,34,5
82,216,3
82,137,4
82,245,3
82,145,5
82,118,2
82,240,1
82,8,4
82,77,3
82,235,4
82,72,4
82,239,5
82,256,5
82,259,1
82,274,5
82,120,1
82,39,4
82,295,3
82,179,3
82,283,3
82,297,3
82,229,4
82,123,1
82,25,5
82,189,3
82,175,2
82,184,2
82,40,4
83,260,1
83,279,3
83,59,2
83,124,3
83,77,3
83,122,1
83,0,2
83,172,3
83,169,3
83,244,3
83,15,2
83,92,5
83,276,2
83,200,3
83,235,3
83,201,3
83,97,2
83,165,3
83,105,5
83,270,1
83,114,3
83,32,1
83,297,2
83,36,4
83,52,1
83,37,2
83,163,3
83,56,4
83,1,3
83,291,2
83,250,3
83,207,2
83,217,2
83,277,3
83,21,2
83,278,4
83,5,2
83,69,3
83,103,3
83,193,4
83,239,3
83,73,2
83,102,2
83,178,3
83,192,2
83,123,1
83,236,2
83,294,2
83,34,3
83,150,4
83,135,4
83,61,3
83,86,5
83,170,2
83,17,3
83,229,1
83,113,2
83,145,4
83,188,4
83,237,3
83,205,3
83,90,3
83,87,2
83,282,2
83,157,5
83,27,4
83,140,3
83,184,2
83,93,5
84,297,2
84,43,4
84,195,2
84,98,3
84,208,2
84,67,2
84,278,3
84,109,3
84,166,4
84,93,5
84,0,2
84,255,1
84,86,5
84,279,3
84,155,3
84,244,1
84,8,1
84,288,4
84,120,3
84,85,1
84,38,1
84,74,3
84,200,3
84,259,3
84,229,1
84,237,3
84,96,2
84,1,3
84,21,3
84,105,5
84,97,4
84,295,4
84,170,3
84,222,1
84,223,3
84,149,1
84,165,4
84,113,3
84,80,3
84,79,3
84,46,2
84,235,3
84,11,2
84,112,2
84,119,3
84,92,5
84,33,1
84,240,1
84,225,3
84,63,3
84,111,3
84,147,3
84,159,2
84,153,3
84,252,4
84,204,5
84,286,3
84,142,4
84,57,1
84,59,4
84,236,2
84,136,2
84,172,4
84,88,4
84,15,2
84,87,3
84,124,3
84,267,3
84,126,2
84,137,3
85,25,5
85,166,4
85,146,3
85,87,4
85,228,3
85,239,5
85,271,5
85,222,3
85,59,4
85,65,3
85,114,4
85,136,3
85,38,4
85,60,1
85,227,5
85,273,3
85,238,3
85,223,4
85,8,3
85,111,4
85,91,3
85,252,4
85,167,3
85,107,3
85,229,1
85,140,2
85,160,4
85,286,2
85,124,3
85,254,4
85,205,5
85,145,4
85,16,3
85,295,2
85,284,3
85,66,4
85,68,3
85,4,4
85,279,4
85,293,3
85,170,3
85,78,3
85,64,3
85,11,4
85,199,4
85,82,5
85,294,4
85,151,1
85,139,3
85,28,3
85,43,4
85,159,4
85,131,3
85,30,3
85,213,1
85,244,1
85,95,2
85,269,3
85,262,4
85,150,1
85,291,4
85,288,4
85,296,4
85,148,3
85,125,4
85,80,4
85,50,3
85,14,3
85,180,3
85,255,2
85,268,4
86,235,5
86,156,3
86,228,4
86,82,5
86,291,4
86,186,4
86,255,3
86,210,3
86,27,2
86,50,3
86,218,2
86,193,4
86,75,3
86,97,3
86,7,3
86,236,4
86,143,5
86,277,4
86,1,3
86,231,3
86,159,3
86,155,3
86,65,3
86,33,2
86,171,3
86,147,4
86,149,1
86,107,3
86,34,4
86,162,2
86,253,2
86,140,2
86,47,4
86,194,3
86,164,5
86,83,1
86,40,3
86,180,3
86,297,4
86,9,3
86,62,3
86,275,3
86,109,4
86,142,4
86,258,4
86,131,3
86,100,3
86,144,3
86,269,1
86,170,3
86,238,4
86,179,3
86,49,3
86,18,1
86,217,4
86,271,5
86,6,5
86,129,4
86,111,3
86,296,4
86,106,3
86,261,3
86,265,4
86,152,3
86,272,4
86,52,5
86,200,3
86,287,3
86,241,4
86,138,3
87,32,5
87,265,1
87,46,5
87,43,5
87,95,5
87,223,5
87,88,5
87,281,1
87,100,3
87,82,5
87,48,4
87,15,5
87,254,5
87,23,3
87,226,4
87,249,1
87,181,5
87,205,4
87,190,3
87,71,5
87,84,4
87,140,4
87,26,1
87,137,4
87,21,4
87,280,4
87,276,4
87,247,3
87,197,5
87,189,5
87,225,4
87,297,1
87,37,4
87,116,4
87,6,5
87,168,3
87,103,5
87,44,1
87,85,4
87,157,5
87,259,1
87,298,4
87,5,4
87,49,3
87,285,2
87,150,1
87,175,2
87,131,3
87,33,1
87,128,3
87,246,4
87,200,5
87,252,4
87,87,4
87,78,4
87,240,1
87,94,1
87,60,1
87,149,4
87,196,1
87,70,4
87,4,5
87,162,4
87,108,3
87,234,4
87,138,4
87,22,4
87,258,3
87,67,5
87,112,2
87,260,2
88,7,4
88,0,3
88,297,2
88,84,4
88,210,4
88,205,2
88,65,3
88,224,5
88,125,4
88,72,3
88,162,4
88,213,5
88,282,4
88,10,3
88,66,5
88,95,5
88,256,5
88,294,3
88,103,1
88,112,3
88,30,3
88,14,5
88,140,4
88,111,3
88,240,1
88,146,4
88,39,3
88,86,5
88,87,4
88,64,3
88,180,4
88,247,3
88,144,4
88,280,3
88,80,3
88,77,4
88,68,2
88,130,1
88,99,5
88,105,5
88,287,2
88,254,5
88,100,4
88,167,2
88,78,3
88,269,3
88,135,2
88,143,4
88,88,4
88,199,4
88,293,5
88,202,3
88,139,2
88,69,4
88,118,4
88,8,4
88,75,3
88,123,1
88,76,2
88,34,4
88,185,3
88,284,3
88,268,5
88,90,5
88,221,4
88,281,1
88,177,4
88,188,5
88,209,3
88,165,4
89,272,1
89,50,4
89,126,2
89,32,1
89,90,3
89,242,3
89,18,2
89,149,1
89,252,4
89,116,3
89,9,2
89,172,4
89,54,3
89,34,5
89,138,4
89,167,3
89,92,4
89,264,1
89,237,4
89,197,3
89,223,2
89,277,3
89,287,2
89,295,1
89,76,2
89,190,3
89,251,3
89,188,4
89,27,5
89,12,3
89,52,2
89,43,3
89,135,2
89,137,2
89,221,2
89,254,3
89,117,3
89,130,3
89,289,3
89,11,1
89,62,3
89,4,3
89,147,4
89,36,2
89,97,3
89,269,1
89,151,1
89,178,2
89,150,4
89,61,3
89,176,2
89,42,5
89,127,3
89,101,4
89,2,4
89,22,1
89,68,2
89,285,1
89,15,1
89,183,5
89,110,1
89,55,3
89,29,1
89,212,5
89,3,4
89,175,2
89,253,1
89,84,3
89,152,2
89,120,1
89,98,3
9,262,5
9,45,3
9,292,2
9,211,4
9,94,3
9,109,2
9,144,3
9,207,3
9,136,4
9,181,3
9,166,4
9,209,3
9,110,3
9,117,4
9,227,5
9,294,4
9,72,2
9,270,3
9,0,3
9,114,4
9,156,3
9,173,2
9,8,3
9,154,2
9,239,4
9,67,3
9,19,4
9,24,2
9,82,5
9,180,3
9,177,5
9,63,3
9,108,1
9,194,4
9,185,4
9,159,3
9,41,3
9,198,3
9,205,1
9,158,3
9,60,1
9,190,5
9,104,3
9,254,4
9,274,4
9,201,4
9,64,3
9,216,4
9,296,4
9,29,2
9,290,4
9,193,4
9,269,4
9,192,3
9,116,4
9,267,4
9,210,4
9,49,2
9,125,4
9,26,1
9,218,5
9,170,2
9,73,3
9,195,3
9,277,4
9,186,4
9,37,4
9,263,4
9,289,3
90,75,3
90,14,5
90,118,4
90,285,2
90,88,4
90,25,5
90,107,3
90,226,5
90,169,4
90,146,3
90,274,3
90,180,3
90,225,4
90,65,3
90,28,3
90,156,3
90,293,5
90,142,4
90,115,3
90,9,3
90,296,3
90,46,1
90,247,3
90,53,2
90,113,3
90,173,5
90,144,1
90,289,2
90,45,3
90,195,3
90,161,3
90,288,3
90,39,3
90,31,3
90,130,1
90,17,3
90,119,3
90,159,3
90,211,2
90,240,1
90,149,3
90,58,1
90,90,4
90,116,4
90,185,3
90,190,2
90,209,3
90,258,4
90,200,3
90,239,3
90,16,1
90,112,4
90,194,3
90,74,3
90,170,5
90,238,3
90,273,3
90,208,3
90,213,5
90,291,2
90,284,3
90,40,3
90,256,4
90,227,4
90,59,3
90,261,4
90,165,2
90,152,3
90,204,3
90,132,2
91,215,1
91,175,2
91,108,4
91,211,3
91,128,1
91,27,5
91,291,2
91,230,2
91,182,1
91,196,3
91,50,4
91,212,5
91,285,1
91,61,3
91,254,3
91,201,2
91,12,1
91,134,5
91,281,3
91,40,3
91,188,4
91,299,5
91,184,2
91,73,3
91,176,3
91,109,3
91,238,3
91,79,2
91,144,2
91,244,4
91,269,1
91,241,4
91,183,3
91,100,4
91,287,3
91,83,3
91,126,3
91,252,4
91,298,2
91,186,3
91,18,5
91,101,2
91,141,3
91,99,5
91,278,2
91,59,1
91,84,3
91,88,1
91,179,3
91,138,3
91,237,3
91,187,2
91,242,2
91,233,3
91,255,1
91,22,1
91,189,3
91,259,2
91,191,3
91,97,4
91,143,4
91,152,4
91,282,2
91,236,3
91,87,2
91,81,1
91,167,5
91,220,3
91,52,2
91,80,2
92,107,4
92,134,5
92,186,5
92,267,5
92,69,2
92,237,2
92,109,3
92,27,4
92,116,3
92,194,2
92,174,2
92,129,3
92,196,3
92,65,4
92,287,1
92,155,2
92,67,2
92,158,2
92,282,2
92,299,2
92,249,3
92,128,2
92,168,2
92,278,3
92,228,3
92,8,2
92,145,3
92,141,3
92,255,2
92,291,3
92,152,3
92,97,3
92,53,1
92,232,4
92,70,2
92,179,3
92,84,5
92,52,2
92,167,3
92,51,1
92,62,4
92,140,2
92,200,3
92,218,3
92,22,2
92,236,2
92,34,4
92,293,2
92,219,4
92,43,3
92,276,4
92,212,4
92,160,2
92,72,3
92,2,5
92,54,2
92,279,3
92,117,2
92,137,4
92,23,3
92,154,1
92,41,3
92,24,2
92,10,4
92,245,3
92,176,1
92,198,2
92,100,5
92,238,1
93,61,2
93,167,3
93,128,1
93,199,3
93,230,2
93,275,2
93,178,1
93,113,2
93,274,3
93,2,5
93,13,2
93,130,1
93,146,3
93,18,5
93,49,3
93,11,2
93,94,3
93,181,2
93,122,1
93,247,2
93,285,1
93,14,1
93,123,1
93,114,3
93,180,2
93,237,3
93,172,3
93,20,2
93,251,2
93,277,2
93,126,2
93,292,2
93,54,2
93,239,4
93,21,2
93,32,1
93,253,1
93,38,1
93,260,2
93,107,2
93,236,3
93,39,2
93,115,2
93,26,1
93,184,1
93,148,2
93,31,1
93,219,3
93,5,2
93,102,2
93,231,5
93,51,1
93,117,2
93,281,3
93,34,4
93,77,3
93,152,1
93,207,2
93,93,2
93,220,2
93,270,1
93,175,3
93,112,3
93,81,1
93,50,3
93,287,2
93,137,3
93,259,2
93,226,3
93,80,1
93,244,2
94,137,4
94,170,1
94,139,1
94,86,4
94,155,2
94,209,3
94,107,3
94,72,4
94,159,3
94,36,3
94,255,4
94,143,5
94,244,2
94,221,4
94,210,2
94,228,4
94,195,2
94,235,2
94,232,4
94,57,2
94,299,4
94,49,3
94,115,3
94,219,3
94,297,2
94,27,5
94,1,3
94,236,3
94,267,3
94,2,3
94,69,4
94,253,2
94,16,4
94,55,4
94,5,3
94,202,3
94,113,2
94,116,3
94,247,4
94,19,2
94,102,2
94,258,5
94,0,2
94,79,4
94,225,3
94,238,2
94,196,2
94,145,3
94,272,3
94,7,2
94,40,3
94,200,3
94,273,3
94,80,4
94,249,1
94,100,3
94,90,3
94,263,4
94,164,3
94,111,3
94,290,3
94,14,5
94,148,4
94,190,3
94,58,2
94,218,2
94,12,1
94,217,3
94,268,5
94,52,2
95,270,4
95,75,5
95,191,4
95,145,4
95,50,4
95,176,4
95,9,3
95,107,4
95,56,4
95,131,4
95,158,1
95,154,4
95,203,3
95,228,5
95,87,4
95,238,3
95,201,5
95,60,3
95,215,5
95,53,3
95,242,3
95,104,5
95,2,3
95,156,5
95,99,5
95,211,4
95,288,5
95,265,3
95,297,4
95,182,1
95,190,5
95,116,4
95,117,3
95,11,5
95,28,1
95,256,5
95,101,4
95,146,4
95,115,4
95,126,5
95,186,4
95,239,5
95,85,3
95,7,3
95,81,4
95,20,3
95,249,4
95,49,2
95,32,5
95,114,4
95,118,5
95,244,4
95,97,4
95,142,4
95,188,5
95,68,5
95,55,5
95,40,3
95,234,5
95,199,3
95,269,4
95,194,4
95,132,4
95,152,4
95,22,4
95,293,5
95,223,5
95,66,5
95,139,1
95,12,5
96,52,3
96,102,2
96,179,2
96,246,3
96,109,1
96,267,4
96,28,2
96,47,3
96,142,3
96,213,4
96,189,4
96,212,4
96,186,4
96,239,5
96,242,3
96,97,4
96,252,4
96,147,3
96,250,2
96,122,2
96,276,2
96,54,3
96,146,2
96,183,3
96,31,2
96,237,3
96,86,5
96,43,3
96,277,3
96,106,4
96,39,3
96,23,3
96,22,3
96,182,1
96,87,2
96,169,3
96,77,3
96,285,2
96,149,1
96,61,2
96,57,3
96,226,5
96,180,2
96,49,3
96,117,3
96,92,5
96,247,1
96,291,3
96,278,4
96,158,5
96,3,3
96,185,3
96,264,3
96,260,3
96,107,3
96,168,2
96,235,4
96,167,5
96,34,5
96,295,5
96,46,4
96,155,2
96,90,5
96,10,3
96,196,1
96,228,4
96,21,3
96,172,4
96,129,4
96,173,2
96,209,3
97,105,5
97,217,3
97,267,3
97,176,2
97,225,3
97,6,4
97,64,1
97,155,2
97,117,3
97,22,2
97,220,2
97,90,3
97,278,4
97,156,3
97,92,4
97,282,4
97,152,3
97,65,3
97,134,5
97,234,3
97,186,4
97,245,3
97,174,3
97,277,3
97,270,2
97,235,3
97,221,3
97,79,3
97,40,2
97,286,3
97,58,3
97,143,5
97,247,3
97,232,4
97,192,2
97,296,3
97,62,3
97,239,2
97,97,4
97,72,3
97,16,3
97,3,3
97,292,2
97,123,2
97,113,2
97,228,3
97,157,5
97,63,2
97,85,1
97,137,4
97,212,4
97,1,3
97,198,1
97,78,2
97,10,4
97,69,4
97,61,2
97,15,2
97,218,3
97,81,2
97,172,3
97,142,3
97,236,4
97,242,3
97,161,3
97,158,3
97,107,4
97,209,3
97,279,3
97,120,3
98,62,3
98,151,2
98,106,3
98,0,3
98,4,4
98,81,1
98,128,1
98,24,3
98,133,3
98,275,2
98,166,3
98,3,3
98,117,3
98,47,1
98,126,1
98,48,3
98,261,2
98,192,2
98,124,3
98,103,2
98,237,3
98,33,2
98,107,4
98,196,3
98,136,2
98,16,3
98,264,1
98,64,1
98,43,2
98,145,4
98,50,3
98,169,3
98,236,1
98,277,3
98,178,1
98,220,2
98,160,2
98,56,3
98,250,3
98,152,1
98,57,1
98,51,3
98,206,1
98,15,3
98,59,2
98,287,3
98,279,3
98,23,3
98,148,3
98,37,2
98,11,1
98,299,1
98,137,3
98,290,1
98,29,1
98,14,3
98,111,3
98,67,1
98,69,2
98,39,2
98,198,1
98,271,3
98,163,2
98,7,2
98,217,3
98,121,3
98,207,2
98,75,1
98,72,3
99,112,3
99,60,3
99,135,4
99,179,3
99,227,3
99,108,3
99,100,5
99,126,2
99,239,3
99,0,3
99,260,2
99,212,5
99,4,3
99,199,3
99,8,2
99,54,3
99,92,4
99,44,2
99,155,2
99,72,2
99,230,3
99,104,3
99,274,3
99,130,2
99,288,3
99,33,2
99,107,2
99,30,3
99,148,3
99,47,3
99,171,2
99,231,3
99,271,4
99,197,3
99,134,5
99,172,2
99,146,3
99,196,1
99,56,2
99,236,1
99,170,2
99,49,4
99,165,3
99,101,1
99,228,2
99,137,3
99,162,2
99,283,3
99,200,2
99,1,3
99,219,4
99,278,4
99,184,3
99,292,1
99,299,3
99,286,3
99,188,4
99,163,2
99,180,4
99,99,5
99,75,2
99,285,2
99,154,1
99,120,1
99,124,3
99,6,4
99,222,1
99,152,2
99,206,1
99,61,3
99,187,2
